id,name,type,age,source,link to,level,
1,NiftGames,,,,,,
2,Colby Drake,,70,,1,1,Super Fan
3,Kyle Person,,67,,1,1,Casual Fan
4,Neriah Russell,,41,,1,1,New User
5,Kie Daugherty,,43,,1,1,
6,Tommie Alford,,74,,1,1,
7,Humera Sanford,,59,,1,1,
8,Minnie Hardy,,41,,1,1,
9,Murtaza Heath,,29,,1,1,
10,Nimra Preston,,75,,1,1,
11,Martyna Glover,,81,,1,1,
12,Annabel Fernandez,,41,,1,1,
13,Yusha Brooks,,36,,1,1,
14,Rania Senior,,59,,1,1,
15,Demi Sims,,24,,1,1,
16,Nisha Martins,,18,,1,1,
17,Maximillian Lawrence,,64,,1,1,
18,Winifred Kennedy,,46,,1,1,
19,Suman Hutchings,,75,,1,1,
20,Riley Moreno,,28,,13,2,
21,Matias Searle,,64,,2,2,
22,Sydney Ali,,66,,14,2,
23,Giselle Mair,,50,,7,2,
24,Lorelai Marquez,,81,,10,2,
25,Eesa Hooper,,36,,1,2,
26,Pearce Amos,,52,,16,2,
27,Elora Pham,,80,,15,2,
28,Keir Bright,,27,,5,2,
29,Tyriq Johns,,41,,18,2,
30,Yuvraj Noel,,80,,15,2,
31,Reggie Wheatley,,76,,12,2,
32,Samara Tyler,,74,,15,2,
33,Stacie Heaton,,43,,15,2,
34,Ahmet Christian,,21,,10,2,
35,Amayah Rosa,,56,,12,2,
36,Kieron Palacios,,74,,9,2,
37,Leia Vo,,61,,14,2,
38,Aishah Nguyen,,74,,3,2,
39,Maysa Goodman,,62,,8,2,
40,Merryn Harrington,,51,,3,2,
41,Suhayb Neville,,18,,15,2,
42,Romeo Rasmussen,,45,,3,2,
43,Tiya Rigby,,26,,8,2,
44,Yaqub Tapia,,77,,3,2,
45,Ashwin Sharples,,33,,9,2,
46,Shanelle Salas,,24,,15,2,
47,Brook Stanton,,53,,17,2,
48,Joseff Ellison,,20,,10,2,
49,Anisa Joyce,,21,,12,2,
50,Malaki Barry,,41,,3,2,
51,Yvie Lim,,43,,11,2,
52,Joel Stacey,,39,,15,2,
53,Zacharias Garrison,,45,,46,3,
54,Taylor Hook,,75,,41,3,
55,Ayush Franks,,28,,28,3,
56,Norah Dickerson,,80,,39,3,
57,Keane Rutledge,,86,,46,3,
58,Serenity Mcknight,,86,,34,3,
59,Glenda Walsh,,25,,35,3,
60,Susanna Miller,,56,,44,3,
61,Bernice Delarosa,,26,,51,3,
62,Arron Cartwright,,69,,34,3,
63,Adnaan Hatfield,,64,,36,3,
64,Kaylem Bloom,,70,,45,3,
65,Diya Cox,,60,,44,3,
66,Linzi Robbins,,75,,51,3,
67,Autumn Dunn,,79,,29,3,
68,Josie Rodgers,,58,,33,3,
69,Angus Burton,,67,,28,3,
70,Aaminah Pineda,,78,,49,3,
71,Tyler-Jay Mooney,,65,,25,3,
72,Wojciech Lyon,,86,,33,3,
73,Riaz Edge,,71,,36,3,
74,Theresa Doyle,,56,,38,3,
75,Lyle Mcdowell,,61,,33,3,
76,Ty Summers,,60,,51,3,
77,Cyrus Greer,,23,,45,3,
78,Aneesa Bateman,,53,,47,3,
79,Giulia Howe,,68,,41,3,
80,Jacques Oneil,,71,,42,3,
81,Fenella Coates,,26,,30,3,
82,Ebony Cochran,,89,,31,3,
83,Silas Delaney,,19,,35,3,
84,Harlen Mcneil,,46,,48,3,
85,Poppie Jennings,,48,,45,3,
86,Aanya Campos,,81,,43,3,
87,Maksim Kinney,,36,,37,3,
88,Israel Ramos,,56,,22,3,
89,Jordan-Lee Vasquez,,26,,21,3,
90,Catherine Clemons,,89,,33,3,
91,Laura Sadler,,33,,35,3,
92,Keyaan Kim,,21,,58,4,
93,Bjorn Childs,,35,,63,4,
94,Emelia Murray,,86,,59,4,
95,Mylie Bass,,69,,83,4,
96,Ed Finney,,26,,74,4,
97,Bobbie Mcclure,,30,,73,4,
98,Lacy Barrett,,54,,57,4,
99,Taya Lloyd,,88,,64,4,
100,Steven Cook,,79,,61,4,
101,Sidrah Dawson,,34,,84,4,
